Datetime,Water Level (m)
2025-09-14 06:00:00,-0.7683206
2025-09-14 07:00:00,-0.61632246
2025-09-14 08:00:00,-0.122407
2025-09-14 09:00:00,0.429942
2025-09-14 10:00:00,0.8407706
2025-09-14 11:00:00,1.1522048
2025-09-14 12:00:00,1.3437772
2025-09-14 13:00:00,1.2497458
2025-09-14 14:00:00,0.90737724
2025-09-14 15:00:00,0.402729
2025-09-14 16:00:00,-0.09130921
2025-09-14 17:00:00,-0.54075193
2025-09-14 18:00:00,-0.81829613
2025-09-14 19:00:00,-0.67960876
2025-09-14 20:00:00,-0.11699128
2025-09-14 21:00:00,0.45514008
2025-09-14 22:00:00,0.9323366
2025-09-14 23:00:00,1.3636172
2025-09-15 00:00:00,1.6553965
2025-09-15 01:00:00,1.7328749
2025-09-15 02:00:00,1.5434021
2025-09-15 03:00:00,1.1361303
2025-09-15 04:00:00,0.6225237
2025-09-15 05:00:00,0.122318216
2025-09-15 06:00:00,-0.3191301
2025-09-15 07:00:00,-0.6092401
2025-09-15 08:00:00,-0.6292935
2025-09-15 09:00:00,-0.2903432
2025-09-15 10:00:00,0.1933994
2025-09-15 11:00:00,0.5955605
2025-09-15 12:00:00,0.91401327
2025-09-15 13:00:00,1.1401738
2025-09-15 14:00:00,1.1926416
2025-09-15 15:00:00,1.0363588
2025-09-15 16:00:00,0.6695879
2025-09-15 17:00:00,0.22654207
2025-09-15 18:00:00,-0.21078776
2025-09-15 19:00:00,-0.51420045
2025-09-15 20:00:00,-0.6259873
2025-09-15 21:00:00,-0.38457912
2025-09-15 22:00:00,0.10578172
2025-09-15 23:00:00,0.60437423
2025-09-16 00:00:00,1.0435414
2025-09-16 01:00:00,1.4124994
2025-09-16 02:00:00,1.6312964
2025-09-16 03:00:00,1.624566
2025-09-16 04:00:00,1.3911182
2025-09-16 05:00:00,0.94968086
2025-09-16 06:00:00,0.447253
2025-09-16 07:00:00,-0.019647146
2025-09-16 08:00:00,-0.43938708
2025-09-16 09:00:00,-0.6567108
2025-09-16 10:00:00,-0.6215154
2025-09-16 11:00:00,-0.23044547
2025-09-16 12:00:00,0.2559753
2025-09-16 13:00:00,0.6729475
2025-09-16 14:00:00,1.0207382
2025-09-16 15:00:00,1.2552994
2025-09-16 16:00:00,1.2780377
2025-09-16 17:00:00,1.0624121
2025-09-16 18:00:00,0.6379355
2025-09-16 19:00:00,0.19221042
2025-09-16 20:00:00,-0.25642627
2025-09-16 21:00:00,-0.5300888
2025-09-16 22:00:00,-0.5890965
2025-09-16 23:00:00,-0.2753732
2025-09-17 00:00:00,0.2752431
2025-09-17 01:00:00,0.777601
2025-09-17 02:00:00,1.184029
2025-09-17 03:00:00,1.5511186
2025-09-17 04:00:00,1.6966014
2025-09-17 05:00:00,1.5727547
2025-09-17 06:00:00,1.1993148
2025-09-17 07:00:00,0.63681525
2025-09-17 08:00:00,0.10628719
2025-09-17 09:00:00,-0.3783491
2025-09-17 10:00:00,-0.7822259
2025-09-17 11:00:00,-0.8756185
2025-09-17 12:00:00,-0.5116043
2025-09-17 13:00:00,0.09902831
2025-09-17 14:00:00,0.63746005
2025-09-17 15:00:00,1.0354223
2025-09-17 16:00:00,1.3253284
2025-09-17 17:00:00,1.4487578
2025-09-17 18:00:00,1.2761867
2025-09-17 19:00:00,0.863779
2025-09-17 20:00:00,0.33784238
2025-09-17 21:00:00,-0.19192548
2025-09-17 22:00:00,-0.59772724
2025-09-17 23:00:00,-0.80482006
2025-09-18 00:00:00,-0.53595245
2025-09-18 01:00:00,0.14416815
2025-09-18 02:00:00,0.7706633
2025-09-18 03:00:00,1.2336413
2025-09-18 04:00:00,1.6418393
2025-09-18 05:00:00,1.8261672
2025-09-18 06:00:00,1.7029201
2025-09-18 07:00:00,1.3054174
2025-09-18 08:00:00,0.6975087
2025-09-18 09:00:00,0.10106321
2025-09-18 10:00:00,-0.48483554
2025-09-18 11:00:00,-0.891887
2025-09-18 12:00:00,-1.0031284
2025-09-18 13:00:00,-0.48456502
2025-09-18 14:00:00,0.24308969
2025-09-18 15:00:00,0.8393546
2025-09-18 16:00:00,1.2507211
2025-09-18 17:00:00,1.577159
2025-09-18 18:00:00,1.6412145
2025-09-18 19:00:00,1.3783722
2025-09-18 20:00:00,0.8704257
2025-09-18 21:00:00,0.30234408
2025-09-18 22:00:00,-0.29521456
2025-09-18 23:00:00,-0.7762994
2025-09-19 00:00:00,-0.98664755
2025-09-19 01:00:00,-0.55451
2025-09-19 02:00:00,0.24724963
2025-09-19 03:00:00,0.9237032
2025-09-19 04:00:00,1.4328746
2025-09-19 05:00:00,1.8105541
2025-09-19 06:00:00,1.9321089
2025-09-19 07:00:00,1.6924694
2025-09-19 08:00:00,1.1953418
2025-09-19 09:00:00,0.5418638
2025-09-19 10:00:00,-0.07070087
2025-09-19 11:00:00,-0.69423944
2025-09-19 12:00:00,-1.0790013
2025-09-19 13:00:00,-0.996723
2025-09-19 14:00:00,-0.1869764
2025-09-19 15:00:00,0.5838298
2025-09-19 16:00:00,1.1592269
2025-09-19 17:00:00,1.5829337
2025-09-19 18:00:00,1.8114755
2025-09-19 19:00:00,1.7570289
2025-09-19 20:00:00,1.3502063
2025-09-19 21:00:00,0.740082
2025-09-19 22:00:00,0.09040345
2025-09-19 23:00:00,-0.5287976
2025-09-20 00:00:00,-0.9891444
2025-09-20 01:00:00,-1.0584228
2025-09-20 02:00:00,-0.28694
2025-09-20 03:00:00,0.56513995
2025-09-20 04:00:00,1.2354767
2025-09-20 05:00:00,1.7045642
2025-09-20 06:00:00,1.986533
